Dataset,Class,Adaboost,Random Forest,kNN,SVM,Multinomial NB,Logistic Regression,Transformer,Mean,Complexity Class
AG,Business,0.8016989646933899,0.8403177211722817,0.5745974955277281,0.8098290598290597,0.8493735003998935,0.8296688741721856,0.9028815368196372,0.8011953075163109,4
AG,Sci/Tech,0.7978170478170478,0.8489732258903041,0.6984888462461022,0.8177390412714688,0.8661990127305794,0.8475720592054012,0.9112487100103198,0.8268625633101747,4
AG,Sports,0.9328397673188789,0.9345509893455098,0.625,0.941782586295724,0.9618997912317327,0.9460384311660964,0.98311345646438,0.9036035745460459,4
AG,World,0.844596371285827,0.8898936170212766,0.6162619573215599,0.8646882657228424,0.8954352441613588,0.8784105960264902,0.9519281563655572,0.8487448868435589,4
AT,negative,0.8500960922485586,0.9018718094157684,0.3145491803278688,0.8698412698412699,0.8582375478927203,0.880479344055503,0.92014742014742,0.7993175234184442,4
AT,neutral,0.4674329501915709,0.4738955823293173,0.1969026548672566,0.4913793103448276,0.4640234948604992,0.5290148448043185,0.6580459770114943,0.46867068777275495,2
AT,positive,0.6119096509240245,0.625,0.2630208333333333,0.6373626373626373,0.5595854922279793,0.6875,0.7681818181818182,0.593222918861399,3
ATIS_Int,atis_abbreviation,0.653061224489796,1.0,0.7812499999999999,1.0,0.8666666666666665,1.0,0.9705882352941176,0.8959380180643686,4
ATIS_Int,atis_aircraft,0.5,0.72,0.5263157894736842,0.6666666666666667,0.5833333333333334,0.6153846153846153,0.9411764705882352,0.6504109822066478,3
ATIS_Int,atis_aircraft#atis_flight#atis_flight_no,0.0,0.0,0.0,0.0,0.0,0.0,0.0,0.0,0
ATIS_Int,atis_airfare,0.7311827956989247,0.9019607843137256,0.4285714285714285,0.8631578947368421,0.5740740740740741,0.92,0.979591836734694,0.7712198305899556,4
ATIS_Int,atis_airfare#atis_flight_time,0.0,0.0,0.0,0.0,0.0,0.0,0.0,0.0,0
ATIS_Int,atis_airline,0.0,0.898550724637681,0.6333333333333333,0.9268292682926828,0.7671232876712328,0.9743589743589745,1.0,0.7428850840419864,3
ATIS_Int,atis_airline#atis_flight_no,0.0,0.0,0.0,0.0,0.0,0.0,0.0,0.0,0
ATIS_Int,atis_airport,0.0,0.9090909090909092,0.8484848484848485,0.9444444444444444,0.9142857142857144,0.9444444444444444,0.972972972972973,0.7905319048176193,4
ATIS_Int,atis_capacity,0.6875000000000001,0.8,0.5517241379310345,0.923076923076923,0.7906976744186046,0.8,1.0,0.793285533632366,4
ATIS_Int,atis_cheapest,0.0,0.0,0.0,0.0,0.0,0.0,0.0,0.0,0
ATIS_Int,atis_city,0.0,0.0,0.0,0.6,0.1538461538461538,0.0,0.8,0.221978021978022,1
ATIS_Int,atis_distance,0.6666666666666666,0.6666666666666666,0.9473684210526316,1.0,0.7200000000000001,0.9473684210526316,1.0,0.8497243107769423,4
ATIS_Int,atis_flight,0.9085588880760792,0.9562547966231773,0.916234247590808,0.975338106603023,0.9218241042345278,0.9741985926505082,0.9897070467141726,0.9488736832131853,4
ATIS_Int,atis_flight#atis_airfare,0.5,0.0,0.1176470588235294,0.6666666666666666,0.380952380952381,0.5882352941176471,0.5555555555555556,0.4012938508736828,2
ATIS_Int,atis_flight_no,0.8571428571428571,0.0,0.0,0.9333333333333332,0.5833333333333334,0.0,1.0,0.4819727891156463,2
ATIS_Int,atis_flight_time,0.0,1.0,0.0,1.0,0.4,1.0,1.0,0.6285714285714287,3
ATIS_Int,atis_ground_fare,0.7272727272727273,0.7272727272727273,0.25,0.8333333333333333,0.7058823529411764,0.8333333333333333,0.923076923076923,0.7143101996043173,3
ATIS_Int,atis_ground_service,0.911764705882353,0.9863013698630138,0.918918918918919,0.9863013698630138,0.9428571428571428,0.9863013698630138,1.0,0.9617778396067794,4
ATIS_Int,atis_ground_service#atis_ground_fare,0.0,0.0,0.0,0.0,0.0,0.0,0.0,0.0,0
ATIS_Int,atis_meal,0.0,0.0,0.6,0.7692307692307692,0.7142857142857143,0.5,0.923076923076923,0.5009419152276295,2
ATIS_Int,atis_quantity,0.4615384615384615,0.6,0.0,0.5454545454545454,0.0,0.5454545454545454,0.5454545454545454,0.38541458541458534,2
ATIS_Int,atis_restriction,0.0,0.0,0.0,0.0,0.0,0.0,0.0,0.0,0
ATIS_Int_and_CM,ATIS_Int,0.9984021912805296,0.9986301369863014,0.8917431192660551,0.997036699338956,0.9997714285714284,0.9988581868006394,1.0,0.9834916803205586,4
ATIS_Int_and_CM,CM,0.9942100909842844,0.9950413223140496,0.2248175182481751,0.9891936824605154,0.9991769547325102,0.9958711808422792,1.0,0.8854729642259735,4
ATIS_Int_and_ClassicLit,ATIS_Int,0.9988276670574444,0.9997655334114888,0.3273983115886416,0.9967243799719232,0.9937106918238994,0.99906191369606,1.0,0.9022126425070655,4
ATIS_Int_and_ClassicLit,ClassicLit,0.9997846034549606,0.999956920690992,0.3934108527131783,0.9993966557490088,0.9988354539573,0.999827690186956,1.0,0.9130303109646281,4
AT_and_ATIS_Int,AT,0.9991500934897162,0.9989795918367348,0.8882597206493016,0.9989795918367348,0.9948857824752813,0.9996600951733514,1.0,0.9828449822087314,4
AT_and_ATIS_Int,ATIS_Int,0.9988412514484356,0.998610467809171,0.8791836734693877,0.998610467809171,0.9930747922437674,0.9995363931386184,1.0,0.9811224351312217,4
AT_and_CM_and_DFG_and_DT_and_NYR_10_and_SDC_and_TE,AT,0.9952071208490242,0.9893944577488882,0.6606676342525399,0.9982935153583616,0.8906468124709166,0.99829293274155,0.9996587030716724,0.9331658823561362,4
AT_and_CM_and_DFG_and_DT_and_NYR_10_and_SDC_and_TE,CM,0.4575163398692811,0.7890625000000001,0.2496453900709219,0.943744752308984,0.8362863217576187,0.9465648854961832,0.9642857142857144,0.7410151291126719,3
AT_and_CM_and_DFG_and_DT_and_NYR_10_and_SDC_and_TE,DFG,0.9770960285774322,0.993744787322769,0.33713298791019,0.9949895615866388,0.943656262667207,0.9947775224566536,0.9995841995841996,0.8915687643007272,4
AT_and_CM_and_DFG_and_DT_and_NYR_10_and_SDC_and_TE,DT,0.2934984520123839,0.637546468401487,0.3179565383149066,0.8772511848341232,0.8210678210678212,0.9106463878326996,0.9511861313868614,0.6870218548357547,3
AT_and_CM_and_DFG_and_DT_and_NYR_10_and_SDC_and_TE,NYR_10,0.9906347554630592,0.987408184679958,0.7536231884057971,0.996352266805628,0.6700804681784931,0.9958333333333332,0.998443175921121,0.9131964818267699,4
AT_and_CM_and_DFG_and_DT_and_NYR_10_and_SDC_and_TE,SDC,0.9864911673016972,0.9886870071991772,0.8749999999999999,0.9917241379310344,0.899337330388135,0.9941318605453918,0.9962134251290876,0.9616549897849318,4
AT_and_CM_and_DFG_and_DT_and_NYR_10_and_SDC_and_TE,TE,0.858271322266743,0.9154872624342902,0.7051491622394769,0.9633391132028734,0.8365432098765432,0.9718771246677792,0.9868007542426148,0.8910668498471886,4
AT_and_ClassicLit,AT,0.9978437551832808,0.9955112219451372,0.4018940909697212,0.997677504976775,0.9831891627223764,0.9980086292731496,0.9996685449121644,0.9105418442832293,4
AT_and_ClassicLit,ClassicLit,0.999433921184411,0.9988250141433485,0.3594285714285714,0.9993904032047376,0.9954956924826168,0.9994775339602924,0.9999128919860628,0.9074234326271488,4
CM,Action,0.7575757575757577,0.9137931034482758,0.2589928057553957,0.9012875536480688,0.7941176470588235,0.9090909090909092,0.9583333333333334,0.7847415871300806,4
CM,Dialogue,0.9047619047619048,0.9230769230769232,0.0881670533642691,0.9230769230769232,0.6440677966101694,0.9230769230769232,1.0,0.7723182177095875,4
CM,Exclude,0.0,1.0,0.0,1.0,0.0869565217391304,1.0,1.0,0.5838509316770187,3
CM,Information,0.8934817170111288,0.9683257918552036,0.1808219178082191,0.9637462235649544,0.8487972508591065,0.966867469879518,0.948170731707317,0.8243158718122068,4
CM_and_AT,AT,0.999155262713296,0.9912985274431058,0.917738187451588,0.9988197605800032,0.9916737468139336,0.9976415094339623,0.99966239027684,0.9851413406732469,4
CM_and_AT,CM,0.995787700084246,0.9539823008849558,0.184331797235023,0.9940425531914894,0.9598689598689598,0.9880341880341882,0.9983079526226736,0.8677650645602194,4
CM_and_DFG,CM,0.9843878389482336,0.9851485148514852,0.1812688821752265,0.9718670076726342,0.9419152276295134,0.9718189581554229,1.0,0.8623437756332165,4
CM_and_DFG,DFG,0.9959974720876345,0.9962121212121212,0.8977744247453792,0.9931120851596744,0.9842217484008527,0.9931149593156688,1.0,0.9800618301316187,4
ClassicLit,bronte,0.4583103257868581,0.2678751258811682,0.0489977728285077,0.6485310119695321,0.7106854838709677,0.7467811158798283,0.7541478129713424,0.5193326641697434,2
ClassicLit,shakespeare,0.873391060145097,0.9077910709074992,0.7519389094380146,0.9353618161753114,0.957516080362106,0.9602171384257464,0.9773101986339012,0.9090751820125252,4
ClassicLit,tolstoy,0.7922027290448344,0.8408091468777484,0.3882798485150489,0.8791747259832365,0.9254683140693504,0.919933170543632,0.9416414174680542,0.8125013360717006,4
ClassicLit,wells,0.5215252152521526,0.1087866108786611,0.0216919739696312,0.6728754365541327,0.7079303675048356,0.7340553549939831,0.7892813641900123,0.5080209033347727,2
ClassicLit_and_CM,CM,0.9301121656600516,0.9234875444839858,0.2153392330383481,0.969335604770017,0.9453125,0.9604810996563572,1.0,0.8491525925155371,4
ClassicLit_and_CM,ClassicLit,0.9965123789020452,0.9963026655202064,0.9775584240276723,0.9984489444205084,0.9969702216066482,0.9980189491817398,1.0,0.9948302262369743,4
ClassicLit_and_DFG,ClassicLit,0.9995706311721768,0.9987557386192988,0.8566576086956522,0.9993131868131868,0.9975036584316088,0.9990987511265612,1.0,0.9786999392654978,4
ClassicLit_and_DFG,DFG,0.997808939526731,0.9936221684627228,0.5923268009936516,0.9964896884598508,0.9874458874458876,0.9953876564902262,1.0,0.9375830201970101,4
ClassicLit_and_LMRC,ClassicLit,0.9947048611111112,0.9958365860005204,0.6961122196021525,0.9982655450524672,0.9883271897489906,0.9986119545415112,0.99934893007509,0.9530296123045491,4
ClassicLit_and_LMRC,LMRC,0.9939297442531596,0.9952191235059762,0.0007952286282306,0.9980075712293284,0.986928746928747,0.998406691894045,0.9992536942136424,0.8532201143790186,4
ClassicLit_and_RS,ClassicLit,0.9879217709004944,0.9871215351812366,0.3030258627005641,0.9912833347717268,0.980495288187596,0.9942375505289412,0.9973651246166472,0.8916357809838866,4
ClassicLit_and_RS,RS,0.7381174277726003,0.6599099099099098,0.1100196463654224,0.8264604810996564,0.7078135259356533,0.8763837638376384,0.9486099410278012,0.6953306708498116,3
ClassicLit_and_SST,ClassicLit,0.9505072783414203,0.94213058419244,0.0108761329305135,0.9733239113152548,0.8694229964626679,0.9817941370949966,0.9946025942369636,0.8175225192248937,4
ClassicLit_and_SST,SST,0.9883329173945596,0.986981126240813,0.8931591657109825,0.9937211526466796,0.9629053345867504,0.9957047622019072,0.9987065008762414,0.9742158513797048,4
ClassicLit_and_TE,ClassicLit,0.9543353350326176,0.9563776918829376,0.2039038805505871,0.9659607305153048,0.9852960200077616,0.9779955303421006,0.9939933451449808,0.8625517904966129,4
ClassicLit_and_TE,TE,0.9339003189293978,0.9341455594741904,0.6104494082727653,0.9497849734378953,0.9786166677117952,0.9677378701953372,0.9913108707882728,0.9094208098299505,4
DB_PEDIA_0_1,Album,0.9509803921568628,0.9669260700389104,0.1510128913443831,0.9831181727904666,0.9190207156308852,0.9860279441117764,0.995991983967936,0.8504397385773171,4
DB_PEDIA_0_1,Animal,0.7308085977482087,0.9544072948328268,0.5673352435530087,0.982982982982983,0.9849548645937812,0.98,0.9970089730807578,0.8853568509702238,4
DB_PEDIA_0_1,Artist,0.6317073170731707,0.9425981873111784,0.0352941176470588,0.9596774193548387,0.8656410256410256,0.967032967032967,0.981818181818182,0.7691098879826317,4
DB_PEDIA_0_1,Athlete,0.870722433460076,0.9848637739656912,0.236331569664903,0.9899799599198396,0.9849849849849848,0.9919678714859438,0.992063492063492,0.8644162979349901,4
DB_PEDIA_0_1,Building,0.6422018348623852,0.9415384615384615,0.2179261862917398,0.9532338308457712,0.9161676646706588,0.9608826479438316,0.9769769769769768,0.8012753718756892,4
DB_PEDIA_0_1,Company,0.6357199055861527,0.910010111223458,0.1415929203539823,0.943661971830986,0.8823529411764706,0.944,0.971086739780658,0.7754892271359581,4
DB_PEDIA_0_1,EducationalInstitution,0.6885245901639343,0.95906432748538,0.5512820512820512,0.976,0.9524752475247524,0.9809809809809812,0.984,0.8703324567767285,4
DB_PEDIA_0_1,Film,0.9613034623217922,0.9787664307381194,0.0988593155893536,0.986,0.9608040201005024,0.982982982982983,0.9929929929929928,0.851672743532249,4
DB_PEDIA_0_1,MeanOfTransportation,0.7657266811279827,0.9625246548323472,0.2638888888888889,0.9820717131474104,0.9684418145956608,0.9810568295114656,0.995014955134596,0.8455322196054788,4
DB_PEDIA_0_1,NaturalPlace,0.8329938900203666,0.9741035856573704,0.6722488038277512,0.986,0.97,0.987012987012987,0.9959839357429718,0.9169061717516352,4
DB_PEDIA_0_1,OfficeHolder,0.7848990342405618,0.9672293942403178,0.1748673861349917,0.967032967032967,0.9487179487179488,0.977022977022977,0.9870646766169152,0.8295477691438113,4
DB_PEDIA_0_1,Plant,0.7407407407407408,0.9560878243512974,0.4629349470499243,0.984,0.987012987012987,0.9810189810189808,0.997995991983968,0.872827353165414,4
DB_PEDIA_0_1,Village,0.9771598808341608,0.9929648241206028,0.5498575498575499,0.992,0.9785495403472932,0.994,0.997995991983968,0.9260753981633678,4
DFG,negative,0.6317581949765858,0.6700271423032184,0.3047473200612557,0.6485218207414358,0.4735449735449736,0.6787823716492504,0.7018072289156626,0.5870270074560546,3
DFG,neutral,0.4367606915377615,0.5049594229035167,0.1567489114658926,0.5282093213409649,0.5446735395189004,0.5472972972972973,0.6499261447562777,0.48122504697437307,2
DFG,positive,0.3833718244803695,0.359882005899705,0.2151958470976875,0.4228329809725158,0.3773584905660377,0.4101479915433403,0.5010351966873706,0.3814034767495752,2
DFG,slighly_negative,0.2127659574468085,0.0994475138121546,0.0348837209302325,0.2825278810408922,0.2051282051282051,0.2753036437246963,0.2297872340425532,0.19140630801793465,1
DFG,slightly_positive,0.4399999999999999,0.4763779527559055,0.3069767441860465,0.5258064516129033,0.5259165613147914,0.5400981996726677,0.6656441717791411,0.49726001161735073,2
DFG_and_AT,AT,0.999130585985046,0.9982644914960084,0.7333928343746016,0.9998261171970092,0.99048936538129,0.9998261171970092,1.0,0.9601327873758521,4
DFG_and_AT,DFG,0.9989628707736984,0.997920997920998,0.2337852693294247,0.9997925741547397,0.9885153476717478,0.9997925741547397,1.0,0.8883956620007641,4
DFG_and_ATIS_Int,ATIS_Int,0.9981900452488688,0.9997734994337486,0.6835991946724486,0.9995471014492754,0.9968383017163504,1.0,1.0,0.9539925917886702,4
DFG_and_ATIS_Int,DFG,0.998274374460742,0.999784529196294,0.2139284340130819,0.9995689655172414,0.9969749351771824,1.0,1.0,0.8869330340520774,4
DT,Not_Relevant,0.7880715705765409,0.8402282453637661,0.7748079877112136,0.8021849395239954,0.8125,0.8280890253261705,0.8782673637042568,0.8177355903151348,4
DT,Relevant,0.7085839256424276,0.7090909090909091,0.3269054178145087,0.7153284671532846,0.7389867841409691,0.7422324510932106,0.8043217286914767,0.6779213833752552,3
DT_and_AT,AT,0.9986577181208054,0.974484789008832,0.7789831394588943,0.9986581683998658,0.9739015526924348,0.99916149589133,0.9998322429122632,0.9605255866406323,4
DT_and_AT,DT,0.9981132075471698,0.9618208516886932,0.3366025892506865,0.998112317130722,0.9618909792571152,0.9988199197545432,0.9997640953054966,0.8935891371334895,4
DT_and_ATIS_Int,ATIS_Int,0.9965651476986488,0.9979409746053536,0.7108433734939759,0.9965761241725632,0.9947596263385736,0.9993133440146488,0.9993133440146488,0.9564731334769162,4
DT_and_ATIS_Int,DT,0.9965237543453072,0.9979123173277662,0.3007874015748031,0.996512438967682,0.9946424411833216,0.9993044284720612,0.9993044284720612,0.8978553157632859,4
ENR,no,0.88604898828541,0.9315068493150684,0.9318637274549098,0.8791443850267379,0.7811088295687885,0.9005563282336578,0.9318563276267204,0.8917264907873275,4
ENR,yes,0.1574803149606299,0.0,0.0,0.1374045801526717,0.3014416775884665,0.1118012422360248,0.0730593607305936,0.11159816795262666,1
GPR,1,0.2107843137254902,0.1200828157349896,0.0515021459227467,0.3018065887353878,0.2567865003668378,0.3461117196056955,0.5063001145475372,0.2561963140912407,1
GPR,2,0.0361663652802893,0.0,0.0,0.145413870246085,0.0822942643391521,0.1188405797101449,0.2571075401730531,0.09140323139267491,1
GPR,3,0.2162637362637362,0.0442532267977873,0.1621621621621621,0.2395348837209302,0.2872117400419287,0.2746425884123402,0.366705024932873,0.22725333747596538,1
GPR,4,0.2634772057548968,0.1159556917275512,0.1163668665334221,0.2937580437580437,0.3783238815374921,0.3319801533603969,0.4526285384170999,0.27892719729841464,1
GPR,5,0.7259142330965535,0.730586004347625,0.726041025155147,0.7282847023106763,0.6243795620437955,0.7367759625271335,0.8132519616390584,0.7264619215885698,3
HS,hateSpeech,0.1867388362652233,0.0566801619433198,0.00836820083682,0.3153347732181425,0.1790510295434199,0.3392405063291139,0.1779359430604982,0.1804784930280768,1
HS,neither,0.8472306755934267,0.7115097159940209,0.0769230769230769,0.8091982597886888,0.6815642458100558,0.8280657395701644,0.8876474239602732,0.691734162519958,3
HS,offensiveLanguage,0.8988316516197556,0.9302437267379036,0.8863507859323758,0.9301198673807702,0.8344002226551628,0.9426735542396372,0.9588631264023934,0.9116404192811427,4
LMRC,negative,0.7577242275772422,0.7844728899989594,0.6511932479627475,0.8086253369272236,0.8067903051712295,0.8254698120751698,0.8578000836470097,0.7845822719085117,4
LMRC,positive,0.7576757675767576,0.8006929073236454,0.233695652173913,0.807973555043574,0.7992659802222449,0.825330132052821,0.8696818704484477,0.7277594092630577,3
LMRC_and_AT,AT,0.9998325799430772,0.997827903091061,0.375455802841695,0.9998325799430772,0.9906510851419033,0.9996652159357214,1.0,0.9090378809852193,4
LMRC_and_AT,LMRC,0.999949705778806,0.9993457802828244,0.001608040201005,0.999949705778806,0.9971811134601832,0.9998994064983402,1.0,0.8568476788571379,4
LMRC_and_ATIS_Int,ATIS_Int,0.9993008622698673,0.9997668454185124,0.2996505939902166,0.9986027014438752,0.9981378026070764,0.9995337995337996,1.0,0.899284657894764,4
LMRC_and_ATIS_Int,LMRC,0.999850381527106,0.999950132149803,0.0009968102073365,0.9997007182761372,0.9996009178888556,0.999900259325753,1.0,0.8571427456249987,4
LMRC_and_RS_and_SST,LMRC,0.9852911341042808,0.9946717603297476,0.0,0.9957852483692926,0.7427846739172207,0.9950308688450537,0.998097717260713,0.8159516289751868,4
LMRC_and_RS_and_SST,RS,0.2042788129744651,0.1454545454545454,0.1096681096681096,0.597918637653737,0.3389335281227172,0.6279306829765545,0.7073891625615764,0.39022478277310074,2
LMRC_and_RS_and_SST,SST,0.985136052645323,0.9930874141116393,0.9009782598461524,0.995151856369835,0.9261981901463524,0.9958123255135632,0.996840755299294,0.9704578362760229,4
LMRC_and_RS_and_YTS,LMRC,0.9942988597719544,0.9956692717407536,0.0003993211540381,0.9971518512966572,0.966960134533584,0.9977045908183632,0.9981547055009724,0.8500483906880462,4
LMRC_and_RS_and_YTS,RS,0.8003259983700082,0.8902333621434745,0.0581518540317834,0.8719253604749788,0.4166666666666667,0.9061976549413736,0.9393414211438474,0.697548902538876,3
LMRC_and_RS_and_YTS,YTS,0.7957839262187089,0.845108695652174,0.2213256484149856,0.850632911392405,0.8389830508474577,0.8850267379679145,0.9395109395109396,0.768053130000655,4
LRR,1,0.3419354838709677,0.1052631578947368,0.0,0.5409090909090909,0.4504854368932039,0.5206812652068127,0.553921568627451,0.3590280004860376,2
LRR,2,0.1440922190201729,0.008695652173913,0.0,0.3192488262910798,0.2345924453280318,0.2570694087403599,0.2214765100671141,0.16931072308866738,1
LRR,3,0.2406947890818858,0.0932038834951456,0.008714596949891,0.3596287703016241,0.3253968253968254,0.360919540229885,0.4154025670945157,0.2577087103642532,1
LRR,4,0.4340753424657534,0.3173184357541899,0.179714091218516,0.4462659380692167,0.4563456345634564,0.4564831261101243,0.5656735207721361,0.4079822984219132,2
LRR,5,0.5836298932384342,0.6470301850048686,0.5730113006869044,0.6271072151045178,0.6267978803936413,0.6495956873315364,0.7452445652173912,0.6360595324253276,3
NYR_10,Career,0.1935483870967741,0.1935483870967741,0.16,0.2105263157894737,0.3333333333333333,0.1764705882352941,0.4651162790697674,0.2475061843744881,1
NYR_10,Education/Training,0.0,0.0,0.0,0.25,0.2352941176470588,0.2857142857142857,0.5263157894736842,0.1853320275478612,1
NYR_10,Family/Friends/Relationships,0.1237113402061855,0.2553191489361702,0.0259740259740259,0.3698630136986301,0.2989690721649484,0.3255813953488372,0.4,0.25705971376125675,1
NYR_10,Finance,0.3076923076923076,0.7142857142857142,0.5625,0.689655172413793,0.4578313253012048,0.689655172413793,0.7575757575757576,0.5970279213832244,3
NYR_10,Health_&_Fitness,0.2375,0.5765124555160144,0.2040816326530612,0.5723076923076923,0.6060606060606061,0.5496688741721855,0.6990291262135923,0.4921657695604503,2
NYR_10,Humor,0.2422680412371134,0.3076923076923077,0.3307086614173228,0.3838862559241706,0.3870967741935484,0.4038461538461538,0.4732142857142857,0.36124464000355744,2
NYR_10,Personal_Growth,0.4492911668484187,0.5872259294566253,0.5148305084745762,0.541507024265645,0.5448818897637795,0.5803357314148682,0.6631989596879064,0.5544673157016885,2
NYR_10,Philanthropic,0.125,0.2352941176470588,0.2352941176470588,0.4761904761904761,0.2105263157894737,0.4,0.5714285714285715,0.32196194267180556,2
NYR_10,Recreation_&_Leisure,0.1104294478527607,0.2837837837837837,0.2377622377622377,0.3473053892215568,0.4454976303317535,0.425287356321839,0.522167487684729,0.3388904761369515,2
NYR_10,Time_Management/Organization,0.0869565217391304,0.1052631578947368,0.1904761904761905,0.2,0.2040816326530612,0.16,0.0,0.13525392896615987,1
NYR_10_and_AT,AT,0.9993250084373944,0.9991572560256194,0.9127537579420424,0.9993256911665545,0.98859962565935,0.9993256911665545,1.0,0.985498147199645,4
NYR_10_and_AT,NYR_10,0.9979338842975206,0.9974079834110938,0.6004258339247694,0.9979274611398964,0.9662468513853903,0.9979274611398964,1.0,0.9368384964712239,4
NYR_10_and_ATIS_Int,ATIS_Int,0.9988492520138088,0.9995393827729157,0.8483189992181391,0.9990791896869246,1.0,0.9995393827729157,1.0,0.977903743780672,4
NYR_10_and_ATIS_Int,NYR_10,0.9974987493746872,0.9990009990009988,0.3680781758957654,0.998,1.0,0.9990009990009988,1.0,0.9087969890389215,4
NYR_115,Acheive_My_Goals,0.0,0.1,0.0,0.0,0.0,0.0,0.1481481481481481,0.035449735449735446,0
NYR_115,Adopt_a_pet,0.0,0.0,0.0,0.0,0.0,0.0,0.0,0.0,0
NYR_115,Appreciate_what_I_have,0.0,0.0,0.0,0.0,0.0,0.0,0.0,0.0,0
NYR_115,Ask_for_a_promotion,0.0,0.0,0.0,0.0,0.0,0.0,0.0,0.0,0
NYR_115,Ask_for_a_raise,0.0,0.0,0.0,0.0,0.0,0.0,0.0,0.0,0
NYR_115,Be_More_Confident,0.0,0.0,0.0,0.0,0.0,0.0,0.0,0.0,0
NYR_115,Be_More_Fun,0.0,0.0,0.0,0.0,0.0,0.0,0.0,0.0,0
NYR_115,Be_better_at_keeping_in_touch_with_loved_ones_or_friends,0.0,0.1818181818181818,0.0,0.2352941176470588,0.25,0.1538461538461538,0.0571428571428571,0.12544304435060732,1
NYR_115,Be_more_friendly,0.0,0.0,0.0,0.0,0.0,0.0,0.0,0.0,0
NYR_115,Be_more_positive,0.0,0.2465753424657534,0.1348314606741573,0.2369337979094076,0.2569269521410579,0.26875,0.3555555555555555,0.21422472982084736,1
NYR_115,Buy_a_motorcycle,0.0,0.0,0.0,0.0,0.0,0.0,0.0,0.0,0
NYR_115,Cash_in_on_my_stock_options,0.0,0.0,0.0,0.0,0.0,0.0,0.0,0.0,0
NYR_115,Clean_something,0.0,0.0,0.0,0.0,0.0,0.0,0.0,0.0,0
NYR_115,Cook_more,0.0,0.0,0.0,0.0,0.0,0.0,0.0,0.0,0
NYR_115,Curse_less,0.0,0.0,0.0,0.0,0.0,0.0,0.0,0.0,0
NYR_115,Donate_more_to_charity,0.0,0.0,0.0,0.0,0.0,0.0,0.0,0.0,0
NYR_115,Drink_Less_Caffine,0.0,0.0,0.0,0.0,0.0,0.0,0.0,0.0,0
NYR_115,Drink_more_water,0.0,0.0,0.0,0.0,0.0,0.0,0.0,0.0,0
NYR_115,Eat_Less_Sugar,0.0,0.25,0.0,0.0,0.25,0.0,0.0,0.07142857142857142,0
NYR_115,Eat_fewer_carbs,0.0,0.0,0.0,0.0,0.0,0.0,0.0,0.0,0
NYR_115,Eat_healthier,0.2702702702702702,0.2592592592592592,0.0714285714285714,0.1777777777777777,0.2127659574468085,0.1886792452830188,0.3728813559322034,0.2218660624854156,1
NYR_115,Eat_less_meat,0.0,0.0,0.0,0.0,0.0,0.0,0.0,0.0,0
NYR_115,Eat_more_vegetables,0.0,0.0,0.0,0.0,0.0,0.0,0.0,0.0,0
NYR_115,Excersize_More,0.0,0.2978723404255319,0.196078431372549,0.4,0.2264150943396226,0.358974358974359,0.4533333333333333,0.27609622263505657,1
NYR_115,Face_Fears,0.0,0.0,0.0,0.0,0.0,0.0,0.0,0.0,0
NYR_115,Find_a_Girlfriend,0.0,0.2222222222222222,0.0,0.4,0.0,0.3076923076923076,0.1428571428571428,0.15325309611023893,1
NYR_115,Find_a_charity_to_support,0.0,0.0,0.0,0.0,0.0,0.0,0.0,0.0,0
NYR_115,Finish_school,0.0,0.0,0.0,0.0,0.0,0.0,0.0,0.0,0
NYR_115,Fix_up_my_home_office,0.0,0.0,0.0,0.0,0.0,0.0,0.0,0.0,0
NYR_115,Focus_on_My_Future,0.0,0.0,0.0,0.0,0.0,0.0,0.0,0.0,0
NYR_115,Focus_on_Religion_and_Faith,0.0,0.5263157894736842,0.1999999999999999,0.4285714285714285,0.4285714285714285,0.4615384615384615,0.5,0.3635710154507147,2
NYR_115,Focus_on_my_self,0.0,0.1578947368421052,0.135593220338983,0.2264150943396226,0.1333333333333333,0.1176470588235294,0.0666666666666666,0.11965001576346289,1
NYR_115,Get_a_new_job,0.0,0.2352941176470588,0.25,0.3529411764705882,0.1666666666666666,0.3529411764705882,0.303030303030303,0.23726763432645778,1
NYR_115,Get_a_tattoo,0.0,0.0,0.0,0.0,0.0,0.0,0.0,0.0,0
NYR_115,Get_dream_job,0.0,0.0,0.0,0.0,0.0,0.0,0.0,0.0,0
NYR_115,Get_more_sleep,0.0,0.0,0.0,0.0,0.0,0.0,0.0,0.0,0
NYR_115,Get_my_degree,0.0,0.0,0.0,0.0,0.0,0.0,0.0,0.0,0
NYR_115,Get_my_life_together,0.0,0.0,0.0,0.0,0.0,0.0,0.0,0.0,0
NYR_115,Go_gluten_free,0.0,0.0,0.0,0.0,0.0,0.0,0.0,0.0,0
NYR_115,Go_to_Europe,0.0,0.0,0.0,0.0,0.0,0.0,0.0,0.0,0
NYR_115,Go_to_the_gym_more,0.3448275862068966,0.3571428571428571,0.0,0.16,0.1052631578947368,0.0833333333333333,0.0,0.15008099065397484,1
NYR_115,Gossip_Less,0.0,0.0,0.0,0.0,0.0,0.0,0.0,0.0,0
NYR_115,Have_a_baby,0.0,0.0,0.0,0.0,0.0,0.0,0.0,0.0,0
NYR_115,Have_another_baby,0.0,0.0,0.0,0.0,0.0,0.0,0.0,0.0,0
NYR_115,Have_more_patience,0.0,0.0,0.0,0.125,0.1111111111111111,0.0,0.0,0.03373015873015873,0
NYR_115,Hike_more,0.0,0.0,0.0,0.0,0.0,0.0,0.0,0.0,0
NYR_115,Humor_about_Career_Resolutions,0.0,0.0,0.0,0.0,0.0,0.0,0.0,0.0,0
NYR_115,Humor_about_Education/Training_Resolutions,0.0,0.0,0.0,0.0,0.0,0.0,0.0,0.0,0
NYR_115,Humor_about_Family/Friends/Relationships_Resolutions,0.0,0.1052631578947368,0.0799999999999999,0.0714285714285714,0.0952380952380952,0.0689655172413793,0.0869565217391304,0.07255026622027329,0
NYR_115,Humor_about_Finance_Resolutions,0.0,0.0,0.0,0.0,0.0,0.0,0.0,0.0,0
NYR_115,Humor_about_Health_and_Fitness_Resolutions,0.0,0.1818181818181818,0.0,0.0754716981132075,0.1538461538461538,0.0727272727272727,0.2268041237113402,0.101523918602308,1
NYR_115,Humor_about_Helping_Others_Resolutions,0.0,0.0,0.0,0.0,0.0,0.0,0.0,0.0,0
NYR_115,Humor_about_New_Years,0.0,0.0869565217391304,0.0,0.054054054054054,0.1428571428571428,0.048780487804878,0.0,0.0475211723507436,0
NYR_115,Humor_about_Personal_Growth_and_Interests_Resolutions,0.0,0.0,0.0666666666666666,0.0273972602739726,0.0256410256410256,0.0769230769230769,0.1304347826086956,0.04672325887334818,0
NYR_115,Humor_about_Recreation_and_Leisure_Resolutions,0.0,0.0,0.0,0.0,0.0,0.0,0.0,0.0,0
NYR_115,Humor_about_Time_Management/Organization_Resolutions,0.0,0.0,0.0,0.0,0.0,0.0,0.0,0.0,0
NYR_115,Humor_about_not_Keeping_Resolutions,0.0,0.1333333333333333,0.0,0.1904761904761905,0.1428571428571428,0.2105263157894737,0.0,0.09674185463659146,1
NYR_115,Humor_about_not_Resolutions_in_general,0.0,0.0888888888888888,0.0375586854460093,0.0999999999999999,0.0,0.0597014925373134,0.2187499999999999,0.07212843812460161,0
NYR_115,Improve_Grades,0.0,0.0,0.0,0.0,0.0,0.0,0.4000000000000001,0.057142857142857155,0
NYR_115,Improve_my_appearance,0.0,0.0,0.0,0.0,0.0,0.0,0.0,0.0,0
NYR_115,Improve_my_attitude,0.0,0.0338983050847457,0.0,0.0952380952380952,0.0824742268041237,0.1038961038961039,0.0952380952380952,0.058677832323023385,0
NYR_115,Improve_my_body,0.0,0.0571428571428571,0.0,0.0851063829787234,0.1538461538461538,0.08,0.1224489795918367,0.07122062479422443,0
NYR_115,Invest_for_retirement,0.0,0.0,0.0,0.0,0.0,0.0,0.0,0.0,0
NYR_115,Join_a_startup,0.0,0.0,0.0,0.0,0.0,0.0,0.0,0.0,0
NYR_115,Learn_a_new_language,0.0,0.0,0.0,0.0,0.0,0.0,0.0,0.0,0
NYR_115,Learn_a_new_skill,0.0,0.0,0.0,0.0,0.0,0.0,0.0,0.0,0
NYR_115,Learn_better_time_management_practices,0.0,0.0,0.0,0.0,0.0,0.0,0.0,0.0,0
NYR_115,Learn_to_Say_No,0.0,0.0,0.0,0.0,0.0,0.0,0.0,0.0,0
NYR_115,Learn_to_let_things_go,0.0,0.0,0.0,0.6666666666666666,0.0,0.0,0.0,0.09523809523809523,1
NYR_115,Learn_to_play_an_instrument,0.0,0.0,0.0,0.0,0.0,0.0,0.0,0.0,0
NYR_115,Lose_weight,0.3333333333333333,0.2857142857142857,0.2,0.2758620689655172,0.3157894736842105,0.4000000000000001,0.303030303030303,0.30196135210395,1
NYR_115,Make_better_decisions,0.0,0.0,0.0,0.0,0.0,0.0,0.0,0.0,0
NYR_115,Make_more_money,0.0,0.0,0.0,0.0,0.0,0.0,0.0,0.0,0
NYR_115,Make_more_time_for_friends,0.0,0.0,0.0,0.0,0.0,0.0,0.0,0.0,0
NYR_115,Make_new_friends,0.0,0.2499999999999999,0.1428571428571428,0.2499999999999999,0.0,0.1739130434782608,0.238095238095238,0.15069506063294874,1
NYR_115,Manage_debt,0.0,0.4,0.0,0.3333333333333333,0.0,0.4,0.0,0.1619047619047619,1
NYR_115,Meditate,0.0,0.0,0.0,0.0,0.0,0.0,0.0,0.0,0
NYR_115,Other,0.1970149253731343,0.2327790973871734,0.1290322580645161,0.227027027027027,0.158273381294964,0.208695652173913,0.1829268292682926,0.19082131008414577,1
NYR_115,Pay_off_bill(s),0.0,0.0,0.0,0.0,0.0,0.0,0.0,0.0,0
NYR_115,Propose_to_my_girlfriend_/_boyfriend,0.0,0.0,0.0,0.0,0.0,0.0,0.0,0.0,0
NYR_115,Quit_job,0.0,0.0,0.0,0.0,0.0,0.0,0.0,0.0,0
NYR_115,Quit_smoking,0.4864864864864865,0.5641025641025642,0.2777777777777778,0.5405405405405405,0.5238095238095238,0.5405405405405405,0.5789473684210527,0.5017435430969265,2
NYR_115,Re-organize,0.0,0.0,0.0,0.25,0.2222222222222222,0.4444444444444444,0.0,0.13095238095238096,1
NYR_115,Read_more_books,0.0,0.2352941176470588,0.0,0.2222222222222222,0.0,0.2222222222222222,0.2222222222222222,0.12885154061624648,1
NYR_115,Respect_Others,0.0,0.0,0.0,0.0,0.0,0.0,0.0,0.0,0
NYR_115,Run_a_half_/_full_marathon,0.0,0.0,0.0,0.2857142857142857,0.3333333333333333,0.25,0.0,0.12414965986394558,1
NYR_115,Save_money,0.5581395348837209,0.64,0.1134751773049645,0.6363636363636365,0.4912280701754387,0.6666666666666666,0.5614035087719298,0.5238966563094796,2
NYR_115,See_a_Concert/Show,0.0,0.1428571428571428,0.0,0.3076923076923077,0.0,0.3076923076923077,0.3333333333333333,0.15593929879644164,1
NYR_115,Set_up_a_home_gym,0.0,0.0,0.0,0.0,0.0,0.0,0.0,0.0,0
NYR_115,Spend_less_time_on_Facebook,0.0,0.0,0.0,0.0,0.0,0.0,0.0,0.0,0
NYR_115,Spend_more_time_on_my_hobby,0.0,0.1081081081081081,0.0,0.0465116279069767,0.2295081967213114,0.04,0.2857142857142857,0.10140603120724026,1
NYR_115,Spend_more_time_outside,0.0,0.0,0.0,0.0,0.0,0.0,0.0,0.0,0
NYR_115,Spend_more_time_with_family,0.1428571428571428,0.1666666666666666,0.0,0.0,0.0,0.1999999999999999,0.25,0.10850340136054418,1
NYR_115,Spend_more_time_with_significant_other,0.0,0.0,0.0,0.0,0.0,0.0,0.0,0.0,0
NYR_115,Spread_Peace,0.0,0.0,0.0,0.0,0.0,0.0,0.0,0.0,0
NYR_115,Start_a_new_business,0.0,0.0,0.0,0.0,0.0,0.0,0.0,0.0,0
NYR_115,Start_waking_up_earlier,0.0,0.0,0.0,0.0,0.0,0.0,0.0,0.0,0
NYR_115,Stop/Quit_Drinking,0.0,0.0,0.0,0.0,0.0,0.0,0.0,0.0,0
NYR_115,Stop_Drinking,0.0,0.0,0.0,0.0,0.0,0.0,0.0,0.0,0
NYR_115,Stop_procrastinating,0.0,0.0,0.0,0.0,0.0,0.0,0.0,0.0,0
NYR_115,Study_More,0.0,0.0,0.0,0.0,0.0,0.0,0.0,0.0,0
NYR_115,Take_a_cross_country_trip,0.0,0.0,0.0,0.0,0.0,0.0,0.0,0.0,0
NYR_115,Take_a_trip,0.0,0.0,0.125,0.0,0.0,0.0,0.0952380952380952,0.0314625850340136,0
NYR_115,Take_more_vacation,0.0,0.0,0.0,0.0,0.0,0.0,0.0,0.0,0
NYR_115,Try_a_new_'fad'_workout,0.0,0.0,0.0,0.0,0.0,0.0,0.0,0.0,0
NYR_115,Try_new_things,0.0,0.0,0.0,0.0,0.0,0.0,0.0,0.0,0
NYR_115,Update_my_wardrobe,0.0,0.0,0.0,0.0,0.0,0.0,0.0,0.0,0
NYR_115,Use_less_social_media,0.0,0.0,0.0,0.0,0.0,0.0,0.0,0.0,0
NYR_115,Use_more_social_media,0.0,0.0,0.0,0.0,0.0,0.0,0.1428571428571428,0.020408163265306114,0
NYR_115,Volunteer_more,0.0,0.0,0.0,0.0,0.0,0.0,0.0,0.0,0
NYR_115,Watch_less_TV,0.0,0.0,0.0,0.0,0.0,0.0,0.0,0.0,0
NYR_115,Work_for_myself,0.0,0.0,0.0,0.0,0.0,0.0,0.0,0.0,0
NYR_115,Work_less,0.0,0.0,0.0,0.0,0.0,0.0,0.0,0.0,0
NYR_115_and_AT,AT,0.9993220338983052,0.9986449864498644,0.9027500384083575,0.9993220338983052,0.9847524413225972,0.9991526859854262,0.9998303647158608,0.9833963692398167,4
NYR_115_and_AT,NYR_115,0.99796126401631,0.9959141981613892,0.532150776053215,0.99796126401631,0.9560493827160492,0.9974502804691484,0.9994916115912558,0.9252826824319539,4
NYR_115_and_ATIS_Int,ATIS_Int,0.999074074074074,0.9997683576557796,0.8551614820685556,0.999074074074074,0.999536822603057,0.9997683576557796,1.0,0.9789118811616172,4
NYR_115_and_ATIS_Int,NYR_115,0.9980237154150198,0.9995066600888012,0.4363916730917502,0.9980237154150198,0.9990128331688056,0.9995066600888012,1.0,0.9186378938954568,4
PSC,AIMX,0.6875,0.73015873015873,0.5263157894736843,0.7000000000000001,0.6976744186046512,0.7096774193548386,0.6857142857142857,0.6767200919008843,3
PSC,BASE,0.6363636363636364,0.6666666666666667,0.3529411764705882,0.6666666666666667,0.5499999999999999,0.6666666666666667,0.2666666666666667,0.5437102113572703,2
PSC,CONT,0.3829787234042553,0.490566037735849,0.5161290322580646,0.4615384615384615,0.4615384615384615,0.490566037735849,0.5185185185185185,0.4745478961042085,2
PSC,MISC,0.8844086021505376,0.9073825503355704,0.7644305772230888,0.912280701754386,0.8515742128935532,0.9149797570850202,0.9146005509641872,0.8785224217723347,4
PSC,OWNX,0.7828418230563002,0.8369565217391306,0.6934460887949261,0.8457446808510638,0.7923497267759563,0.8471849865951742,0.8311688311688312,0.8042418084259116,4
PSC_and_AT,AT,0.9996558843771508,0.9989687177724303,0.9135763670647392,1.0,0.9967224426427462,1.0,1.0,0.9869890588367239,4
PSC_and_AT,PSC,0.9984544049459042,0.9953416149068324,0.2587601078167116,1.0,0.985485103132162,1.0,1.0,0.8911487472573728,4
PSC_and_ATIS_Int,ATIS_Int,0.9985955056179776,1.0,0.880246913580247,0.9995327102803738,0.999532273152479,1.0,1.0,0.9825582003758682,4
PSC_and_ATIS_Int,PSC,0.9954407294832828,1.0,0.2005494505494505,0.9984709480122324,0.9984756097560976,1.0,1.0,0.8847052482572948,4
PSM,attack,0.16,0.0,0.0,0.1764705882352941,0.0444444444444444,0.0833333333333333,0.0,0.06632119514472454,0
PSM,constituency,0.0,0.0,0.0,0.0454545454545454,0.1016949152542372,0.0606060606060606,0.0,0.029679360187834743,0
PSM,information,0.1834862385321101,0.0441176470588235,0.0157480314960629,0.1833333333333333,0.2066115702479338,0.1607142857142857,0.1891891891891891,0.14045718508167693,1
PSM,media,0.15625,0.2933333333333333,0.0,0.3225806451612903,0.3166666666666666,0.2988505747126436,0.3636363636363636,0.25018822621575676,1
PSM,mobilization,0.0,0.0,0.0,0.0526315789473684,0.0,0.0,0.0,0.0075187969924812,0
PSM,other,0.0,0.0,0.0,0.04,0.054054054054054,0.0,0.0,0.01343629343629343,0
PSM,personal,0.3849918433931484,0.5155555555555555,0.4369885433715221,0.4414261460101867,0.4258555133079848,0.4511784511784512,0.5706214689265536,0.46094536024905747,2
PSM,policy,0.3929712460063897,0.5286783042394015,0.1118421052631579,0.4383561643835616,0.5328836424957841,0.4590163934426229,0.5498392282958199,0.43051244058953403,2
PSM,support,0.1942857142857142,0.0591133004926108,0.0319148936170212,0.1219512195121951,0.1254125412541254,0.1371428571428571,0.1004566210045662,0.11003959247272714,1
QC,ABBR,0.6666666666666666,0.8750000000000001,0.7142857142857143,0.6250000000000001,0.1538461538461538,0.75,0.9411764705882352,0.6751392864838243,3
QC,DESC,0.8063492063492064,0.8709677419354839,0.2148760330578512,0.8507936507936508,0.4158415841584159,0.8662420382165604,0.9752650176678443,0.7143336103112875,3
QC,ENTY,0.5730994152046783,0.7472527472527473,0.3529411764705882,0.7251461988304093,0.5517241379310345,0.7790697674418605,0.9385474860335196,0.6668258470235483,3
QC,HUM,0.7761194029850746,0.890625,0.3089430894308943,0.8992248062015504,0.7323943661971831,0.931297709923664,0.9846153846153848,0.789031394193393,4
QC,LOC,0.7852760736196319,0.8343558282208587,0.4462809917355372,0.8441558441558442,0.7157894736842104,0.8461538461538461,0.975609756097561,0.7782316876667842,4
QC,NUM,0.8061224489795918,0.8656716417910447,0.3259259259259259,0.9209302325581395,0.7043478260869565,0.909952606635071,0.9779735682819384,0.7872748928940955,4
RS,0,0.7257240204429303,0.801292407108239,0.5045871559633027,0.7849829351535836,0.7959527824620575,0.832214765100671,0.8876811594202899,0.7617764608072963,4
RS,1,0.7373572593800979,0.7882960413080896,0.7172774869109948,0.7947882736156352,0.800658978583196,0.8344370860927152,0.9043209876543212,0.7967337305064357,4
RS_and_AT,AT,0.9993174061433449,0.984543010752688,0.908724832214765,0.999146612049838,0.9602488765986864,0.9986348122866894,1.0,0.9786593642922874,4
RS_and_AT,RS,0.9966555183946488,0.9166666666666669,0.5036496350364964,0.9958228905597328,0.8188976377952757,0.9933110367892976,1.0,0.8892861978917311,4
RS_and_ATIS_Int,ATIS_Int,0.9986143187066976,0.9990762124711318,0.9257754010695188,0.9986155976003692,0.999768892997458,0.9997689997689996,0.9995381062355658,0.9887367898356771,4
RS_and_ATIS_Int,RS,0.995049504950495,0.9966996699669968,0.5997693194925029,0.9950331125827814,0.9991769547325102,0.9991755976916736,0.9983498349834984,0.9404648563429225,4
RS_and_LMRC,LMRC,0.9970997099709972,0.9976997699769976,0.0006001200240048,0.9973453543701476,0.9698417438041208,0.9984482154477652,0.9985486211901308,0.8513690763977377,4
RS_and_LMRC,RS,0.951747088186356,0.961730449251248,0.1080164256382788,0.957085020242915,0.4520795660036166,0.9746524938675388,0.9762100082034454,0.7687887216276285,4
RS_and_SST,RS,0.5107296137339055,0.2965986394557823,0.0658307210031347,0.6081208687440982,0.2626849894291754,0.6349534643226473,0.6923857868020304,0.4387577262129677,2
RS_and_SST,SST,0.995248416138713,0.9946238236364582,0.99380856412707,0.9956699116244614,0.9700373727393788,0.9963203485766108,0.9968409529270708,0.991792769967109,4
SDC,neutral,0.6387832699619772,0.7448015122873346,0.7257072570725707,0.7468259895444362,0.4464902186421173,0.7630057803468207,0.8160484481453444,0.6973803537143715,3
SDC,not_relevant,0.0,0.0,0.0,0.0384615384615384,0.1473684210526316,0.0392156862745098,0.0,0.0321493779698114,0
SDC,slightly_negative,0.1212121212121212,0.0422535211267605,0.0,0.25,0.3246376811594202,0.1789473684210526,0.4343891402714933,0.19306283317012113,1
SDC,slightly_positive,0.2291169451073985,0.2271062271062271,0.1161825726141078,0.3273657289002557,0.3274161735700197,0.3367875647668394,0.508557457212714,0.2960760956110803,1
SDC,very_negative,0.0,0.0909090909090909,0.0,0.0714285714285714,0.027027027027027,0.0,0.0,0.027052098480669896,0
SDC,very_positive,0.18348623853211,0.1621621621621621,0.0845070422535211,0.2615384615384615,0.2015503875968992,0.2807017543859649,0.5079365079365079,0.24026893634366095,1
SDC_and_AT,AT,0.9991413360810578,0.998798695726789,0.9589796621854532,0.9994849785407725,0.9936305732484078,0.9994849785407725,1.0,0.9927886034747504,4
SDC_and_AT,SDC,0.9982740766309977,0.9975803664016591,0.9184372858122002,0.998963730569948,0.9872895912057712,0.998963730569948,1.0,0.9856441115986464,4
SDC_and_ATIS_Int,ATIS_Int,0.9988550492328828,0.9995417048579284,0.970239427164914,0.9993127147766324,0.99977079990832,0.9995417048579284,1.0,0.9953230572569437,4
SDC_and_ATIS_Int,SDC,0.9982375749030666,0.9992957746478874,0.9513711151736746,0.9989432898908066,0.9996480112636396,0.9992957746478874,1.0,0.9923987915038517,4
SMSS,ham,0.9877175025588536,0.9892911779704232,0.9477283829995116,0.9923273657289,0.9785002621919244,0.9923273657289,0.9974293059125964,0.983617337584444,4
SMSS,spam,0.9130434782608696,0.9219330855018588,0.4153005464480874,0.9454545454545454,0.8730650154798762,0.9454545454545454,0.9824561403508772,0.85667247956438,4
SNIPS,AddToPlaylist,1.0,0.9950248756218906,0.8704663212435233,0.99009900990099,0.9565217391304348,0.99009900990099,0.99009900990099,0.9703299950998313,4
SNIPS,BookRestaurant,0.9850746268656716,0.9950248756218906,0.7949790794979079,1.0,0.99,1.0,1.0,0.9664397974264958,4
SNIPS,GetWeather,0.9746192893401014,0.9801980198019802,0.9591836734693876,0.9949748743718592,0.9797979797979798,0.9949748743718592,0.9850746268656716,0.9812604768598342,4
SNIPS,PlayMusic,0.9189189189189187,0.9847715736040608,0.9157894736842104,0.9847715736040608,0.9319371727748692,0.9847715736040608,0.9847715736040608,0.9579616942563202,4
SNIPS,RateBook,0.9949748743718592,1.0,0.9090909090909092,1.0,0.9950248756218906,1.0,1.0,0.985584379869237,4
SNIPS,SearchCreativeWork,0.8034188034188033,0.966183574879227,0.3025210084033613,0.9611650485436892,0.9320388349514565,0.966183574879227,0.9615384615384616,0.8418641866591752,4
SNIPS,SearchScreeningEvent,0.8478260869565217,0.9479166666666669,0.757201646090535,0.9693877551020408,0.9543147208121826,0.9743589743589745,0.9583333333333334,0.9156198833314649,4
SNIPS_and_AT,AT,0.9981503278964184,0.9986590680522964,0.907046714172605,0.998991935483871,0.993147250543206,0.9994962216624684,0.9996642041638684,0.9850222459963904,4
SNIPS_and_AT,SNIPS,0.9980718667835232,0.998593035525853,0.8900131159827618,0.9989473684210526,0.9927676838948668,0.9994734070563456,0.9996488764044944,0.9825021934384139,4
SNIPS_and_ATIS_Int,ATIS_Int,0.9997676039972112,0.9997676039972112,0.8317865429234339,0.9993031358885016,0.9974495710642244,0.99953509995351,0.9997676039972112,0.9753395945459005,4
SNIPS_and_ATIS_Int,SNIPS,0.9998285028297031,0.9998285028297031,0.8246674727932286,0.9994853319608852,0.9981102903281224,0.9996570644718792,0.9998285028297031,0.974486524006175,4
SNIPS_and_ATIS_Int_and_ClassicLit,ATIS_Int,0.9979466119096512,0.999088422971741,0.3607313457420523,0.9974971558589304,0.9943297799954638,0.9995440036479708,1.0,0.9070196171608299,4
SNIPS_and_ATIS_Int_and_ClassicLit,ClassicLit,0.9840651251407292,0.9974490898871546,0.4178143199725934,0.99761626143111,0.9950175469000476,0.9985707479752264,0.999393676916414,0.9128466811747536,4
SNIPS_and_ATIS_Int_and_ClassicLit,SNIPS,0.9370146678170836,0.9894005212858384,0.7654169854628922,0.9913852515506548,0.979591836734694,0.9943074003795068,0.9975853742669886,0.9506717196425226,4
SNIPS_and_ATIS_Int_and_PSC,ATIS_Int,0.9946598560482935,0.9974507531865584,0.7831456592807846,0.9967577582213988,0.9965333949618672,0.9990719257540605,0.999304105775922,0.9667033504612693,4
SNIPS_and_ATIS_Int_and_PSC,PSC,0.9906542056074766,0.9913725490196078,0.4128553770086526,0.9937402190923318,0.9907264296754252,0.9968798751950078,0.9984447900466564,0.9106676350921655,4
SNIPS_and_ATIS_Int_and_PSC,SNIPS,0.9939540507859734,0.998272884283247,0.8177690029615005,0.997579529737206,0.9956589685709324,0.9986178299930892,0.9991353968528444,0.9715696661692562,4
SNIPS_and_ATIS_Int_and_SST,ATIS_Int,0.9948326218827228,0.9982070820259972,0.9709944751381216,0.9977618621307072,0.9196869851729818,0.9984329527647192,0.9979861266502572,0.9825574436807868,4
SNIPS_and_ATIS_Int_and_SST,SNIPS,0.7790496011099549,0.9664358018114012,0.5163098878695209,0.9526015680684248,0.8111047510017172,0.970904602362899,0.9904273504273504,0.8552619375216098,4
SNIPS_and_ATIS_Int_and_SST,SST,0.986456383279124,0.9979632550318046,0.979296066252588,0.997159387597385,0.9820832003404616,0.9982653402441064,0.9994032350939644,0.9915181239770622,4
SST,negative,0.6469864698646987,0.7667655786350148,0.7233518176216882,,0.7444831591173054,0.7591836734693878,0.8296703296703295,0.7450735047297373,3
SST,neutral,0.3119447186574531,0.4213973799126637,0.4069767441860464,,0.3575184016824396,0.3789473684210526,0.4422604422604423,0.3865075091866829,2
SST,positive,0.7377877596855699,0.8653106102253986,0.8181303116147309,,0.7807670291929021,0.8367567567567568,0.8857782754759239,0.8207551238252138,4
SST_2,negative,0.8046920821114368,0.923337091319053,0.9024252679075014,,0.8868234007654455,0.9050028105677348,0.942618384401114,0.8941498395120475,4
SST_2,positive,0.8280846670108415,0.9271948608137046,0.9074371321562332,,0.8858246001103144,0.9092860976918948,0.9442338927991336,0.9003435417636871,4
SST_2_and_AT,AT,0.9989854582346974,0.9981428330238056,0.3183234211271594,0.9983073798239676,0.9088113178532984,0.9989851150202976,1.0,0.8887936464404609,4
SST_2_and_AT,SST_2,0.9998746395888176,0.9997701293544814,0.9520947357946064,0.9997910921701344,0.9874558416009138,0.9998746448270098,1.0,0.9912658690479947,4
SST_2_and_ATIS_Int,ATIS_Int,0.997277676950998,0.9995458673932788,0.991304347826087,0.9984094523971824,0.9792826910224994,0.998408005458267,0.9993189557321226,0.9947924281114907,4
SST_2_and_ATIS_Int,SST_2,0.9997492163009404,0.9999582062105572,0.9992064817908451,0.9998537309066594,0.9980531306914526,0.9998537431311508,0.9999373080057676,0.9995159738624819,4
SST_and_AT,AT,0.9962380300957592,0.99829293274155,0.2120658135283364,0.99863434619324,0.7728831442891058,0.998976109215017,1.0,0.8538700537232868,4
SST_and_AT,SST,0.999770134158064,0.9998955046082468,0.9736858172049576,0.9999164036865974,0.9816757826632898,0.9999373014546062,1.0,0.9935544205393946,4
SST_and_ATIS_Int,ATIS_Int,0.9977507872244714,0.99685110211426,0.9666203059805284,0.9961823489782168,0.9136410256410256,0.9982014388489208,0.9991027366532076,0.9811928207772329,4
SST_and_ATIS_Int,SST,0.9998953909241166,0.9998535472937632,0.9984957064956228,0.9998221515478044,0.9955761046603268,0.9999163109883672,0.9999581511163188,0.99907390900376,4
SST_and_ClassicLit_and_LMRC,ClassicLit,0.7949061662198391,0.926575997059364,0.0164228894021041,0.9732864674868188,0.886922474549726,0.9803149606299214,0.9914815140072012,0.7957014956221392,4
SST_and_ClassicLit_and_LMRC,LMRC,0.9790829049824418,0.9905549599223976,0.0002028809089064,0.9958265472312704,0.7750428850680177,0.993831880511801,0.997259737717753,0.8188288280489412,4
SST_and_ClassicLit_and_LMRC,SST,0.9562059389019442,0.9841107019397458,0.818081832055862,0.9934667634553564,0.908116194988156,0.995278172704725,0.9975946957813056,0.9504077571181565,4
SST_and_LMRC,LMRC,0.9954764626932444,0.994365494889055,0.0001983143282102,0.9968178202068416,0.7580325871783159,0.9971164363130158,0.9983124875918206,0.8200456576000719,4
SST_and_LMRC,SST,0.9990479478568364,0.998818547754718,0.9045306064479478,0.9993304598903628,0.9289292423293676,0.999393216579834,0.99964417280643,0.9756705990950711,4
SST_and_SST_2,SST,0.7715234713167611,0.5884837592778742,0.6881623579463789,,0.6168351113606588,0.7450176119485344,0.7998027778242048,0.7016375149457353,3
SST_and_SST_2,SST_2,0.1496580746975276,0.1019698211872105,0.1709802323211738,,0.436504386719422,0.2052458076537193,0.0,0.17739305376317552,1
TE,anger,0.0,0.0,0.0,0.0,0.0,0.0,0.0,0.0,0
TE,boredom,0.0,0.0,0.0,0.0,0.0,0.0,0.0,0.0,0
TE,empty,0.0,0.0,0.0137931034482758,0.0212765957446808,0.0277777777777777,0.0130718954248366,0.0,0.0108456246279387,0
TE,enthusiasm,0.0,0.0,0.0,0.032520325203252,0.040133779264214,0.0203045685279187,0.0,0.013279810427912101,0
TE,fun,0.0495495495495495,0.0,0.0,0.1213653603034133,0.1055341055341055,0.1018062397372742,0.0100250626566416,0.055468616825854876,0
TE,happiness,0.2875055978504254,0.2640422467594815,0.1369696969696969,0.3262910798122066,0.2938808373590982,0.3293390027058369,0.3913200723327305,0.28990693339849655,1
TE,hate,0.1061946902654867,0.1318681318681318,0.0341880341880341,0.1676646706586826,0.1421800947867298,0.1632653061224489,0.3088235294117648,0.15059777961446838,1
TE,love,0.4836020011117288,0.5106598984771573,0.3917525773195877,0.4503891050583657,0.4370029300962745,0.4488608822103733,0.5507358636715723,0.46757189399215143,2
TE,neutral,0.4065433091981764,0.4625407166123778,0.361003861003861,0.3790022338049143,0.1976133651551312,0.4023099133782483,0.5090562440419447,0.388295663313522,2
TE,relief,0.0893854748603352,0.0725075528700906,0.0767386091127098,0.1009345794392523,0.1004304160688665,0.1037924151696606,0.1265822784810126,0.09576733228598967,1
TE,sadness,0.1017964071856287,0.0845921450151057,0.0685302073940486,0.1168384879725085,0.0907715582450832,0.1015761821366024,0.1696969696969697,0.10482885109227812,1
TE,surprise,0.005089058524173,0.0373333333333333,0.0495436766623207,0.0859504132231405,0.1132075471698113,0.0785714285714285,0.0494505494505494,0.059878000990679525,0
TE,worry,0.2118353344768438,0.2246777163904235,0.1448842419716206,0.1924310455420141,0.1861504095309009,0.1724372029871011,0.2811540822590546,0.20193857616542266,1
TE_and_AT,AT,0.998972602739726,0.9940283228118068,0.7235852142623487,0.9988011645829764,0.8166902404526167,0.998972602739726,0.9998289136013686,0.9329827230272241,4
TE_and_AT,TE,0.9996253746253746,0.99781181619256,0.8926438826070386,0.9995629643503776,0.9123495198160422,0.9996253746253746,0.9999375429392292,0.9716509250222851,4
TE_and_ATIS_Int,ATIS_Int,0.9970299291752344,0.9984,0.95659798334064,0.99408014571949,0.9351594264926172,0.9990846681922196,0.9993133440146486,0.9828093567049786,4
TE_and_ATIS_Int,TE,0.9991857187597868,0.9995615957913194,0.9874524714828896,0.9983699059561127,0.980662454528049,0.9997495617330328,0.9998121830589118,0.9949705559014432,4
TE_and_NYR_10,NYR_10,0.9930139720558884,0.9874182184197282,0.639627659574468,0.994,0.5330781848004373,0.9919839679358716,0.9980139026812316,0.8767337007810893,4
TE_and_NYR_10,TE,0.9991251093613298,0.9984393532679944,0.9671554963034784,0.9992502811445708,0.8809590186785614,0.999000624609619,0.9997498749374688,0.9776685369004318,4
YELP_0_05,1,0.5745745745745746,0.600166251039069,0.2243589743589744,0.6023622047244095,0.6050420168067228,0.6045142296368988,0.6996966632962588,0.5586735592052726,2
YELP_0_05,2,0.4279624893435635,0.4132379248658319,0.1712626995645863,0.3712820512820512,0.398886827458256,0.4084636614535418,0.5266362252663622,0.38824741131917045,2
YELP_0_05,3,0.2002861230329042,0.0158415841584158,0.20297699594046,0.267156862745098,0.2587412587412587,0.2871664548919949,0.3360655737704918,0.22403355046866053,1
YELP_0_05,4,0.4088495575221239,0.4079696394686907,0.1532756489493201,0.3510436432637571,0.4003777148253069,0.3910196445275958,0.4805725971370143,0.3704440636705441,2
YELP_0_05,5,0.5405405405405406,0.5821428571428571,0.3814866760168303,0.5302897278314311,0.5010706638115633,0.5606936416184971,0.6889564336372848,0.5407400772284292,2
YTS,Not_Spam,0.94017094017094,0.96045197740113,0.8104265402843602,0.9337016574585636,0.8799999999999999,0.969187675070028,0.9740634005763688,0.9240003129944843,4
YTS,Spam,0.9512761020881672,0.9672897196261684,0.7777777777777778,0.9428571428571428,0.8894348894348895,0.9741176470588236,0.9793103448275864,0.9260090890957938,4
YTS_and_AT,AT,0.9989799387963276,0.9879113498992612,0.941258014208976,0.997962648556876,0.9737254219592832,0.9967823878069432,0.9994902293967712,0.9851585700892056,4
YTS_and_AT,YTS,0.992063492063492,0.8944281524926686,0.6089965397923875,0.983957219251337,0.830527497194164,0.9740791268758529,0.99601593625498,0.897152566274983,4
YTS_and_ATIS_Int,ATIS_Int,0.9977011494252872,0.9981600735970562,0.9887743413516608,0.9997700620832376,0.9988503104161875,0.9997700620832376,0.9997700620832376,0.9975422944342721,4
YTS_and_ATIS_Int,YTS,0.9870466321243524,0.9896640826873384,0.9352708058124176,0.998706338939198,0.9935316946959896,0.998706338939198,0.998706338939198,0.985947461733956,4
YTS_and_TE_and_PSC_and_RS,PSC,0.9208261617900172,0.98841059602649,0.4648241206030151,0.9909762100082036,0.9689243027888446,0.989317995069844,0.9885807504078304,0.9016943052420351,4
YTS_and_TE_and_PSC_and_RS,RS,0.1723730814639905,0.4231738035264483,0.4207920792079208,0.5619596541786744,0.4089485458612975,0.6534979423868312,0.8606431852986217,0.5001983274176836,2
YTS_and_TE_and_PSC_and_RS,TE,0.935390549662488,0.9593593834667952,0.7324223223146806,0.9416470887040448,0.8096203998840916,0.9628340584213796,0.9843154408548396,0.9036556061869028,4
YTS_and_TE_and_PSC_and_RS,YTS,0.5007974481658691,0.6450567260940032,0.1577287066246057,0.573394495412844,0.3102378490175801,0.6940509915014165,0.8398268398268397,0.531584722377594,2
